user_id,book_id,rating,author,publisher,book_title
U0058,B0007,3,Lee Singh,Hopkins-Taylor,I certainly little
U0053,B0174,5,Laura Powell,"Nunez, Mcdowell and Barnes",Camera example front music
U0017,B0008,1,Lee Singh,Sullivan-Williams,Test financial
U0014,B0144,2,Catherine Figueroa,"Johnson, Campbell and Davis",Save financial member challenge apply
U0215,B0057,4,Marissa Stewart,"Graham, Jones and Ellison",Something sister air top
U0082,B0179,4,Marissa Stewart,Hopkins-Taylor,Without huge
U0111,B0196,3,Rebecca Harrington,Fox-Ramirez,Word western policy
U0050,B0092,3,Seth Walters,Stephens PLC,Better enter house none
U0236,B0138,1,Rebecca Harrington,"Johnson, Campbell and Davis",If discuss town should
U0151,B0161,5,Wendy Smith,Ellis LLC,Attention customer necessary past same
U0036,B0012,2,Caleb Brown,Dodson-Shaw,Play commercial again
U0120,B0026,4,Gavin Moody,Washington Group,Politics paper
U0084,B0095,3,Elizabeth Jenkins,Giles Inc,Beyond door teach quite
U0037,B0156,2,Maria Mcpherson,Gonzalez-Schneider,Coach other
U0084,B0119,4,Melissa Burnett,"Johnson, Campbell and Davis",Individual let keep indeed
U0113,B0176,3,Teresa Gaines,Stephens PLC,Car while
U0118,B0009,3,Marissa Stewart,Dodson-Shaw,Admit more
U0109,B0146,3,Catherine Figueroa,Carrillo-Lewis,True when then
U0203,B0165,4,Seth Walters,Hopkins-Taylor,Character require
U0127,B0191,5,Seth Walters,Garcia-Jenkins,Usually hotel player explain
U0220,B0150,4,Lee Singh,Hopkins-Taylor,Attention customer necessary past same
U0261,B0127,1,Shane Johnson,"Martinez, Matthews and Snow",Page class down democratic
U0079,B0161,2,Angela Moore,Shelton-Stewart,Little common
U0033,B0099,4,Gavin Moody,Sullivan-Williams,According election a group
U0129,B0142,1,Maria Mcpherson,"Martinez, Matthews and Snow",Little common
U0275,B0193,3,Catherine Figueroa,Rodriguez Ltd,Car while
U0058,B0076,4,Gavin Moody,"Graham, Jones and Ellison",Senior effect indicate seat
U0135,B0129,2,Denise Garza,Briggs-Sullivan,Them nature American
U0260,B0156,2,Gregory Davis,"Ramirez, Johnson and Martin",May develop son sound million
U0277,B0200,5,Joel Morris,Rodriguez Ltd,Thing blue popular couple
U0251,B0005,1,Teresa Curtis,Gonzalez-Schneider,Attention customer necessary past same
U0030,B0062,5,Rebecca Harrington,Carrillo-Lewis,Interesting take can
U0036,B0195,5,John Ruiz,Hopkins-Taylor,Car while
U0244,B0141,2,Ellen Kline,Shelton-Stewart,Own trade possible
U0217,B0055,5,Maria Mcpherson,Ellis LLC,Page class down democratic
U0160,B0103,3,Ellen Kline,Schultz LLC,Cover key
U0062,B0064,2,Anna Baxter,"Graham, Jones and Ellison",Organization before husband
U0284,B0059,5,Erin Tucker,Dodson-Shaw,Challenge it environment beautiful present
U0031,B0059,1,Anna Baxter,Dodson-Shaw,Along and lay
U0264,B0061,3,Austin Casey,Ellis LLC,Budget citizen shoulder still music
U0277,B0034,5,April Franco,Gonzalez-Schneider,Move during address
U0243,B0105,2,Denise Garza,"Nunez, Mcdowell and Barnes",Serve it
U0182,B0109,4,Maria Mcpherson,Stephens PLC,Three become note law
U0051,B0016,4,Anna Baxter,"Martinez, Matthews and Snow",Scientist interesting
U0128,B0050,2,Kimberly Vazquez,Hopkins-Taylor,Usually hotel player explain
U0217,B0047,3,Jacob Patrick,Dodson-Shaw,Still sense may read
U0227,B0141,1,Catherine Figueroa,"Johnson, Campbell and Davis",True service cup agreement gun
U0008,B0024,2,Patricia Garcia,Carrillo-Lewis,Rock discover
U0247,B0055,4,Leslie Chavez,Fox-Ramirez,Director hit yet PM
U0002,B0100,3,Caleb Brown,"Nunez, Mcdowell and Barnes",Space anyone Republican
U0285,B0170,4,Alyssa Davis,Briggs-Sullivan,May develop son sound million
U0112,B0015,5,Wesley Cobb,Stephens PLC,Major now current
U0161,B0015,1,April Franco,Sullivan-Williams,Example hundred
U0272,B0041,1,Rebecca Harrington,"Ramirez, Johnson and Martin",Matter always especially
U0036,B0153,1,Jacob Patrick,Fox-Ramirez,Only market our difference hand
U0062,B0146,2,Joel Morris,Stephens PLC,Character worker maybe
U0042,B0108,5,Ellen Kline,Rodriguez Ltd,Understand evidence anything
U0134,B0053,3,Seth Walters,Fox-Ramirez,Physical participant Mrs education member
U0068,B0172,3,James Butler,Dodson-Shaw,Thank then least wrong
U0005,B0118,5,Denise Garza,Dodson-Shaw,Understand evidence anything
U0276,B0055,5,John Ruiz,Washington Group,Own trade possible
U0036,B0063,3,Leslie Chavez,Schultz LLC,Four pull
U0279,B0181,3,Catherine Figueroa,Sullivan-Williams,Finish still far
U0005,B0171,5,Elizabeth Jenkins,"Martinez, Matthews and Snow",Before if rise particularly
U0069,B0068,1,Ruben Moore,"Johnson, Campbell and Davis",Defense market strong
U0080,B0070,3,Heather Rose,Rodriguez Ltd,Better enter house none
U0105,B0176,3,Austin Casey,Giles Inc,Them nature American
U0027,B0024,4,Bonnie Huff,"Graham, Jones and Ellison",Relate citizen opportunity
U0171,B0198,2,Seth Walters,"Ramirez, Johnson and Martin",Off present
U0227,B0142,4,Erin Tucker,"Martinez, Matthews and Snow",Example trade increase attention though
U0039,B0177,2,Bonnie Huff,Washington Group,Area maybe act
U0299,B0142,2,John Ruiz,Stephens PLC,Letter amount size nearly break
U0158,B0094,1,Heather Rose,Gonzalez-Schneider,Generation authority young miss
U0053,B0091,5,Tiffany Tucker,Hopkins-Taylor,Box budget draw community
U0122,B0042,2,Emily Aguilar DDS,"Ramirez, Johnson and Martin",Else social yard range
U0171,B0106,2,Leslie Chavez,"Martinez, Matthews and Snow",Quite prevent recently sea
U0196,B0010,4,Alyssa Davis,Schultz LLC,Challenge it environment beautiful present
U0180,B0079,2,Emily Aguilar DDS,Ellis LLC,Early gun ask
U0205,B0085,3,Teresa Gaines,Giles Inc,Conference hope
U0180,B0165,5,Joshua Watson,"Johnson, Campbell and Davis",Admit more
U0170,B0008,1,Dana Washington,Garcia-Jenkins,Finally but science wind politics
U0136,B0010,1,Angela Moore,Washington Group,According election a group
U0161,B0112,5,Connor Evans,Fox-Ramirez,Matter always especially
U0296,B0049,3,Jennifer Jackson,"Nunez, Mcdowell and Barnes",Quite may material he
U0001,B0134,5,Maria Mcpherson,Ellis LLC,Ever suggest
U0187,B0111,1,Anna Baxter,Shelton-Stewart,Trip sit
U0161,B0170,1,Teresa Curtis,Sullivan-Williams,Music house product feel walk
U0159,B0171,4,David Nichols,Briggs-Sullivan,Every baby structure green
U0284,B0033,2,Elizabeth Jenkins,Fox-Ramirez,Trial great mouth teach
U0090,B0158,5,David Nichols,"Johnson, Campbell and Davis",Through fire
U0001,B0078,3,Angela Moore,Garcia-Jenkins,Beyond door teach quite
U0165,B0120,4,Joshua Watson,Ellis LLC,Name sign day significant
U0262,B0122,2,Rebecca Harrington,Briggs-Sullivan,Doctor much bag civil
U0264,B0170,5,Rebecca Harrington,Gonzalez-Schneider,Power day
U0159,B0058,2,Emily Aguilar DDS,Stephens PLC,Main address fight threat
U0126,B0122,5,Joanna Day,Schultz LLC,Car while
U0213,B0162,5,Jennifer Jackson,Fox-Ramirez,View method stay
U0254,B0103,2,Catherine Figueroa,"Graham, Jones and Ellison",Main address fight threat
U0055,B0200,4,Dana Washington,Sullivan-Williams,Challenge it environment beautiful present
U0238,B0013,5,Connor Evans,Schultz LLC,Scene move
U0069,B0119,5,Joel Morris,Rodriguez Ltd,Example trade increase attention though
U0227,B0157,5,Brian Johnson,Schultz LLC,Catch month artist although business
U0082,B0191,4,Seth Walters,Gonzalez-Schneider,The response law face military
U0142,B0197,5,Melissa Burnett,Gonzalez-Schneider,Situation rock reveal
U0141,B0113,1,Caleb Brown,Gonzalez-Schneider,Ask human plant
U0140,B0086,3,Rebecca Harrington,Hopkins-Taylor,Model far do better
U0078,B0060,4,Emily Adams,Ellis LLC,Of social democratic
U0033,B0107,4,Wesley Cobb,Schultz LLC,Key believe unit investment foot
U0213,B0016,2,Robert Campbell,Garcia-Jenkins,Trial great mouth teach
U0011,B0196,5,April Franco,"Graham, Jones and Ellison",Artist feel perform full
U0181,B0077,4,Wesley Cobb,"Johnson, Campbell and Davis",Trial great mouth teach
U0113,B0125,2,Angela Moore,Carrillo-Lewis,Individual let keep indeed
U0015,B0100,3,Joshua Watson,Fox-Ramirez,Budget citizen shoulder still music
U0085,B0120,2,Wesley Cobb,"Graham, Jones and Ellison",Cold space account
U0202,B0152,5,Emily Aguilar DDS,Dodson-Shaw,Without property rate
U0220,B0035,4,Shane Johnson,Giles Inc,Reach animal
U0195,B0084,2,James Butler,Rodriguez Ltd,Space anyone Republican
U0195,B0072,4,Rebecca Harrington,Carrillo-Lewis,Impact whose
U0010,B0192,5,William Cohen Jr.,Gonzalez-Schneider,Left house force thousand
U0036,B0200,1,Emily Aguilar DDS,Gonzalez-Schneider,Page class down democratic
U0103,B0006,5,Jacob Patrick,Hopkins-Taylor,May develop son sound million
U0243,B0172,1,Heather Rose,Schultz LLC,Understand evidence anything
U0132,B0197,3,Joel Morris,Shelton-Stewart,Rock discover
U0059,B0200,2,Denise Garza,Garcia-Jenkins,Front accept after
U0014,B0080,5,Robert Campbell,Fox-Ramirez,Suddenly decision
U0102,B0020,5,Melissa Burnett,Gonzalez-Schneider,Campaign east
U0053,B0179,3,Joel Morris,"Martinez, Matthews and Snow",Ever suggest
U0290,B0011,3,Angela Moore,Washington Group,Coach other
U0036,B0130,3,Patricia Garcia,Carrillo-Lewis,Man imagine success happen former
U0055,B0111,3,Gavin Moody,Hopkins-Taylor,Capital opportunity ok house
U0223,B0046,5,Marissa Stewart,Shelton-Stewart,Including work forget tree Democrat
U0276,B0199,4,Angela Moore,Garcia-Jenkins,Three become note law
U0138,B0083,2,Marissa Stewart,Schultz LLC,Camera example front music
U0125,B0193,4,Tiffany Tucker,Fox-Ramirez,Participant mother ready
U0173,B0008,4,Dana Washington,Carrillo-Lewis,Every baby structure green
U0109,B0091,3,Marissa Stewart,Shelton-Stewart,Without huge
U0142,B0143,1,Alyssa Davis,Dodson-Shaw,Form allow street how
U0124,B0185,4,Brian Johnson,Gonzalez-Schneider,Dinner threat
U0244,B0166,4,Emily Aguilar DDS,Dodson-Shaw,Opportunity expert provide
U0151,B0057,4,Jacob Patrick,Briggs-Sullivan,Of social democratic
U0298,B0095,4,Ellen Kline,Washington Group,Full parent foot
U0218,B0191,5,William Cohen Jr.,Schultz LLC,Key believe unit investment foot
U0139,B0079,3,Connor Evans,Ellis LLC,Thus whose
U0162,B0031,5,Carol Le,"Ramirez, Johnson and Martin",Effort benefit glass
U0099,B0056,4,Maria Mcpherson,Garcia-Jenkins,Relate citizen opportunity
U0269,B0153,3,Alyssa Davis,Briggs-Sullivan,He right network budget affect
U0117,B0093,2,Erin Tucker,"Johnson, Campbell and Davis",Through fire
U0065,B0071,1,Brian Johnson,Briggs-Sullivan,Left house force thousand
U0065,B0164,4,Erin Tucker,Garcia-Jenkins,Word western policy
U0146,B0121,4,Anna Baxter,"Ramirez, Johnson and Martin",Cover key
U0027,B0065,4,Joanna Day,Fox-Ramirez,Couple special tend
U0252,B0019,5,Joshua Watson,Stephens PLC,Three guy race
U0078,B0039,5,Rebecca Harrington,Gonzalez-Schneider,Through fire
U0061,B0143,4,Joel Morris,Shelton-Stewart,Seven material third owner chair
U0116,B0199,5,Kimberly Vazquez,Schultz LLC,Artist feel perform full
U0153,B0151,4,Wendy Smith,Shelton-Stewart,Defense democratic star if
U0031,B0157,1,Heather Rose,Ellis LLC,Effort benefit glass
U0136,B0170,1,Jacob Patrick,"Ramirez, Johnson and Martin",Senior effect indicate seat
U0283,B0020,2,Patricia Garcia,Schultz LLC,Thing blue popular couple
U0241,B0075,1,Caleb Brown,Briggs-Sullivan,Thus whose
U0233,B0019,2,Melissa Burnett,Garcia-Jenkins,Own trade possible
U0102,B0109,1,Lee Singh,Hopkins-Taylor,Area maybe act
U0137,B0037,1,Leslie Chavez,Briggs-Sullivan,Director hit yet PM
U0292,B0074,4,Gavin Moody,Briggs-Sullivan,Decade even citizen
U0207,B0070,5,Austin Casey,Schultz LLC,Model far do better
U0042,B0154,1,Ruben Moore,Rodriguez Ltd,Letter amount size nearly break
U0129,B0007,1,Joshua Watson,Garcia-Jenkins,Visit economic move
U0011,B0196,3,Bonnie Huff,"Ramirez, Johnson and Martin",Move during address
U0241,B0133,4,Dana Washington,Garcia-Jenkins,Politics paper
U0224,B0163,4,April Franco,Washington Group,Soldier rich different live describe
U0210,B0086,3,Denise Garza,"Ramirez, Johnson and Martin",Budget citizen shoulder still music
U0169,B0106,4,Elizabeth Jenkins,Fox-Ramirez,Item trial budget turn security
U0282,B0010,4,James Butler,Giles Inc,Camera example front music
U0166,B0030,4,Erin Tucker,"Johnson, Campbell and Davis",Age matter guy beautiful
U0237,B0106,1,Ellen Kline,Washington Group,Peace woman entire almost
U0256,B0161,4,Shane Johnson,Ellis LLC,Herself manage
U0137,B0141,2,Kimberly Vazquez,Carrillo-Lewis,Item trial budget turn security
U0063,B0008,5,Jennifer Jackson,"Ramirez, Johnson and Martin",Physical participant Mrs education member
U0160,B0142,1,Patricia Garcia,Dodson-Shaw,Full parent foot
U0116,B0030,4,Catherine Figueroa,Hopkins-Taylor,Position officer check
U0256,B0184,3,Jennifer Jackson,Giles Inc,Matter always especially
U0213,B0124,4,Gavin Moody,"Johnson, Campbell and Davis",I certainly little
U0075,B0099,2,Rebecca Smith,Hopkins-Taylor,Establish agency wrong detail theory
U0036,B0071,4,Rebecca Smith,Giles Inc,Without huge
U0002,B0073,3,Laura Powell,Carrillo-Lewis,Something sister air top
U0077,B0115,5,William Cohen Jr.,Rodriguez Ltd,Worry here though this example
U0283,B0196,5,Gavin Moody,Rodriguez Ltd,If discuss town should
U0097,B0179,2,Robert Campbell,Gonzalez-Schneider,Poor glass cold page send
U0211,B0012,3,April Franco,Fox-Ramirez,Compare agree
U0198,B0170,2,Bonnie Huff,Hopkins-Taylor,Price skill establish no
U0258,B0152,3,Kimberly Vazquez,"Martinez, Matthews and Snow",He right network budget affect
U0270,B0117,1,Emily Adams,"Nunez, Mcdowell and Barnes",Music house product feel walk
U0080,B0020,4,Anna Baxter,Shelton-Stewart,Own trade possible
U0204,B0167,1,Joshua Watson,"Johnson, Campbell and Davis",Key believe unit investment foot
U0195,B0082,4,Bonnie Huff,Shelton-Stewart,Model far do better
U0036,B0061,3,Ruben Moore,Dodson-Shaw,Visit economic move
U0223,B0026,1,Leslie Chavez,Briggs-Sullivan,Name sign day significant
U0015,B0012,3,Caleb Brown,Washington Group,Produce sport positive
U0192,B0111,2,Ellen Kline,"Nunez, Mcdowell and Barnes",I certainly little
U0290,B0175,2,Dana Washington,Dodson-Shaw,Large lose fear
U0196,B0159,2,Laura Powell,Hopkins-Taylor,Six within page matter
U0119,B0119,3,Seth Walters,"Graham, Jones and Ellison",Thank then least wrong
U0239,B0074,5,Joanna Day,Schultz LLC,Senior effect indicate seat
U0177,B0151,3,Angela Moore,Giles Inc,Off present
U0234,B0078,2,April Franco,"Martinez, Matthews and Snow",Try size better figure subject
U0122,B0098,5,Wendy Smith,Briggs-Sullivan,Generation authority young miss
U0152,B0006,4,Erin Tucker,Garcia-Jenkins,Relate citizen opportunity
U0026,B0156,4,Teresa Gaines,Gonzalez-Schneider,Item trial budget turn security
U0181,B0057,2,Seth Walters,Hopkins-Taylor,That lot father rest
U0050,B0161,1,Kimberly Vazquez,Stephens PLC,Front accept after
U0297,B0094,2,Caleb Brown,Rodriguez Ltd,Soldier rich different live describe
U0213,B0045,2,Wesley Cobb,Washington Group,Fear read trouble
U0272,B0129,3,Seth Walters,Carrillo-Lewis,Rock discover
U0152,B0192,3,Gavin Moody,Dodson-Shaw,Couple special tend
U0073,B0194,2,Maria Mcpherson,Fox-Ramirez,Suddenly decision
U0286,B0094,1,Erin Tucker,Giles Inc,Card per issue story
U0275,B0032,4,Joshua Watson,Giles Inc,Put international
U0300,B0098,3,Joshua Watson,Gonzalez-Schneider,Defense market strong
U0242,B0007,5,James Butler,Shelton-Stewart,Example trade increase attention though
U0114,B0166,1,Gavin Moody,Briggs-Sullivan,Capital opportunity ok house
U0210,B0030,2,Bonnie Huff,Briggs-Sullivan,Quite may material he
U0253,B0030,1,Wesley Cobb,Hopkins-Taylor,Indeed sing
U0199,B0117,3,Ruben Moore,"Johnson, Campbell and Davis",Budget citizen shoulder still music
U0215,B0151,2,Catherine Figueroa,"Martinez, Matthews and Snow",Attack wrong enough
U0251,B0158,4,Bonnie Huff,Washington Group,Politics paper
U0112,B0114,4,Gregory Davis,"Martinez, Matthews and Snow",Indeed sing
U0189,B0140,3,David Nichols,Giles Inc,Director hit yet PM
U0098,B0032,4,Elizabeth Jenkins,Ellis LLC,Soldier rich different live describe
U0011,B0013,3,John Ruiz,Garcia-Jenkins,I certainly little
U0106,B0018,5,Laura Powell,Ellis LLC,Beyond door teach quite
U0120,B0085,2,Erin Tucker,Giles Inc,According election a group
U0075,B0034,5,Dana Washington,"Martinez, Matthews and Snow",Impact whose
U0014,B0034,1,Jacob Patrick,Garcia-Jenkins,Generation authority young miss
U0166,B0005,2,Shane Johnson,Hopkins-Taylor,Own trade possible
U0216,B0135,1,Joanna Day,Carrillo-Lewis,Compare agree
U0230,B0200,3,Laura Powell,"Martinez, Matthews and Snow",Age matter guy beautiful
U0232,B0129,2,Bonnie Huff,Sullivan-Williams,Series employee effort
U0155,B0118,1,April Franco,Fox-Ramirez,Director hit yet PM
U0219,B0176,1,Jennifer Jackson,Schultz LLC,Dinner threat
U0038,B0021,3,Emily Adams,Dodson-Shaw,Seven material third owner chair
U0065,B0071,5,Laura Powell,"Johnson, Campbell and Davis",Capital opportunity ok house
U0167,B0098,5,Caleb Brown,Schultz LLC,Mouth effect
U0259,B0155,4,Carol Le,"Martinez, Matthews and Snow",He right network budget affect
U0283,B0185,2,Kimberly Vazquez,Gonzalez-Schneider,Letter amount size nearly break
U0212,B0087,4,Patricia Garcia,"Martinez, Matthews and Snow",Admit more
U0161,B0110,3,Seth Walters,Washington Group,Trip sit
U0079,B0176,4,Rebecca Harrington,Dodson-Shaw,Conference hope
U0048,B0111,1,Ruben Moore,Washington Group,Compare agree
U0067,B0143,1,Brian Johnson,"Johnson, Campbell and Davis",Something sister air top
U0169,B0172,1,William Cohen Jr.,"Nunez, Mcdowell and Barnes",Else social yard range
U0027,B0074,5,William Cohen Jr.,"Martinez, Matthews and Snow",Front accept after
U0296,B0130,2,Elizabeth Jenkins,Carrillo-Lewis,May develop son sound million
U0115,B0028,3,Gregory Davis,"Martinez, Matthews and Snow",Back area rock fact night
U0143,B0147,2,Brian Johnson,Shelton-Stewart,Catch month artist although business
U0286,B0007,5,Carol Le,Giles Inc,Doctor much bag civil
U0015,B0047,3,Marisa Barnes,Briggs-Sullivan,Word mother month live
U0174,B0090,1,Emily Adams,Garcia-Jenkins,Reach animal
U0206,B0018,2,Melissa Burnett,"Graham, Jones and Ellison",Listen stop very
U0047,B0192,5,Robert Campbell,"Nunez, Mcdowell and Barnes",Test financial
U0233,B0088,2,Teresa Curtis,Rodriguez Ltd,Put international
U0291,B0153,1,Emily Adams,"Ramirez, Johnson and Martin",Left house force thousand
U0026,B0173,1,Kimberly Vazquez,"Nunez, Mcdowell and Barnes",Individual let keep indeed
U0249,B0156,4,Marissa Stewart,Ellis LLC,Attack wrong enough
U0263,B0030,3,Connor Evans,Briggs-Sullivan,Letter amount size nearly break
U0250,B0135,3,Lee Singh,Fox-Ramirez,Quite may material he
U0029,B0002,2,Heather Rose,Hopkins-Taylor,Through fire
U0131,B0075,3,Erin Tucker,Carrillo-Lewis,Position officer check
U0221,B0045,2,Wesley Cobb,Gonzalez-Schneider,Artist feel perform full
U0257,B0144,3,David Nichols,Stephens PLC,Raise candidate of
U0224,B0005,4,James Butler,Garcia-Jenkins,South could to laugh grow
U0220,B0147,4,Melissa Burnett,"Nunez, Mcdowell and Barnes",Task address give eat
U0149,B0030,4,James Butler,"Ramirez, Johnson and Martin",Find whole
U0236,B0177,3,Angela Moore,"Martinez, Matthews and Snow",Camera example front music
U0125,B0112,5,Ellen Kline,Dodson-Shaw,Admit more
U0203,B0080,3,Anna Baxter,"Ramirez, Johnson and Martin",Challenge it environment beautiful present
U0040,B0131,1,Rebecca Smith,Ellis LLC,Mouth effect
U0179,B0090,2,Denise Garza,Hopkins-Taylor,Indeed sing
U0132,B0051,2,Emily Adams,Dodson-Shaw,Better enter house none
U0091,B0198,4,Marisa Barnes,Garcia-Jenkins,Still sense may read
U0297,B0115,5,Melissa Burnett,Shelton-Stewart,What big now class
U0166,B0161,3,Kimberly Vazquez,Dodson-Shaw,Your relate relationship up
U0241,B0114,3,Laura Powell,Stephens PLC,Relate citizen opportunity
U0181,B0130,1,Gavin Moody,Schultz LLC,Front accept after
U0020,B0015,3,Joanna Day,Dodson-Shaw,Item trial budget turn security
U0260,B0099,4,Brian Johnson,Stephens PLC,Character worker maybe
U0231,B0147,2,Joel Morris,Carrillo-Lewis,Car decision lot
U0257,B0039,1,Denise Garza,Rodriguez Ltd,The response law face military
U0044,B0130,2,Jacob Patrick,Schultz LLC,Man now bill drug recognize
U0225,B0135,5,Leslie Chavez,Washington Group,Finish still far
U0191,B0073,4,Teresa Gaines,Rodriguez Ltd,Box budget draw community
U0027,B0162,3,Anna Baxter,"Martinez, Matthews and Snow",Organization before husband
U0286,B0174,4,Seth Walters,Shelton-Stewart,Four pull
U0077,B0086,1,Elizabeth Jenkins,Hopkins-Taylor,Example hundred
U0180,B0080,4,Joel Morris,Dodson-Shaw,Fear read trouble
U0159,B0144,4,Anna Baxter,Hopkins-Taylor,What big now class
U0270,B0024,4,Gregory Davis,"Graham, Jones and Ellison",Matter always especially
U0186,B0080,2,Anna Baxter,Carrillo-Lewis,True when then
U0099,B0058,2,Joanna Day,Briggs-Sullivan,May develop son sound million
U0052,B0130,5,Ellen Kline,Stephens PLC,Listen stop very
U0173,B0197,5,Joel Morris,Fox-Ramirez,Fear read trouble
U0079,B0042,2,Teresa Gaines,Shelton-Stewart,Of social democratic
U0085,B0185,4,Patricia Garcia,Washington Group,Quite may material he
U0122,B0114,5,Marisa Barnes,Schultz LLC,Four pull
U0120,B0137,2,April Franco,Ellis LLC,Front accept after
U0189,B0174,5,Gavin Moody,Briggs-Sullivan,Cover key
U0196,B0129,5,Leslie Chavez,Ellis LLC,Trial great mouth teach
U0071,B0065,1,April Franco,Washington Group,What big now class
U0284,B0027,5,Caleb Brown,Dodson-Shaw,Decade even citizen
U0083,B0070,4,Emily Adams,"Nunez, Mcdowell and Barnes",Age matter guy beautiful
U0047,B0057,4,Emily Aguilar DDS,"Nunez, Mcdowell and Barnes",Already skill become man
U0028,B0102,5,Jacob Patrick,Fox-Ramirez,Whether hard near
U0042,B0096,2,James Butler,"Martinez, Matthews and Snow",Benefit as political
U0172,B0038,2,Caleb Brown,Carrillo-Lewis,Particularly friend
U0072,B0195,4,Tiffany Tucker,"Graham, Jones and Ellison",Opportunity expert provide
U0041,B0005,3,Emily Adams,"Johnson, Campbell and Davis",Test financial
U0271,B0109,1,Caleb Brown,Gonzalez-Schneider,Not staff
U0155,B0032,1,Patricia Garcia,Shelton-Stewart,Physical participant Mrs education member
U0235,B0017,1,Joel Morris,"Johnson, Campbell and Davis",Six within page matter
U0009,B0162,5,Jacob Patrick,Hopkins-Taylor,Move during address
U0150,B0110,1,William Cohen Jr.,Gonzalez-Schneider,Series employee effort
U0293,B0107,2,Elizabeth Jenkins,Dodson-Shaw,Trip sit
U0269,B0093,1,Wesley Cobb,Sullivan-Williams,Fact benefit goal decision time
U0260,B0142,1,April Franco,Stephens PLC,Ago still actually southern education
U0199,B0096,3,Emily Aguilar DDS,Washington Group,To tonight
U0035,B0089,2,Elizabeth Jenkins,"Martinez, Matthews and Snow",Commercial physical become
U0298,B0189,3,Bonnie Huff,Washington Group,Born yeah little
U0280,B0087,2,Joshua Watson,Schultz LLC,Far say stuff down anyone
U0246,B0162,2,Joanna Day,Schultz LLC,Born yeah little
U0019,B0076,2,Alyssa Davis,Stephens PLC,Quite may material he
U0162,B0080,5,Wesley Cobb,Carrillo-Lewis,Card per issue story
U0130,B0010,2,William Cohen Jr.,Stephens PLC,Item trial budget turn security
U0170,B0070,1,Angela Moore,Fox-Ramirez,Put international
U0226,B0099,3,Austin Casey,Carrillo-Lewis,Someone source
U0189,B0133,3,Maria Mcpherson,"Nunez, Mcdowell and Barnes",At nation yes
U0041,B0111,5,Wesley Cobb,Briggs-Sullivan,Reach animal
U0165,B0027,1,Elizabeth Jenkins,Briggs-Sullivan,Every baby structure green
U0157,B0115,5,Angela Moore,"Ramirez, Johnson and Martin",Save financial member challenge apply
U0228,B0090,4,Maria Mcpherson,Washington Group,Man now bill drug recognize
U0223,B0071,1,Elizabeth Jenkins,Fox-Ramirez,South could to laugh grow
U0187,B0132,2,Emily Adams,Shelton-Stewart,Benefit as political
U0225,B0009,2,Jacob Patrick,Washington Group,Conference hope
U0186,B0099,5,Joel Morris,Hopkins-Taylor,Along and lay
U0231,B0095,3,Marisa Barnes,Dodson-Shaw,Name sign day significant
U0294,B0036,5,David Nichols,Rodriguez Ltd,Card according reduce relate
U0143,B0064,1,Ruben Moore,"Ramirez, Johnson and Martin",Leave sort across tree
U0256,B0133,4,Connor Evans,Giles Inc,Example trade increase attention though
U0134,B0181,4,Tiffany Tucker,Briggs-Sullivan,True when then
U0252,B0052,1,Joanna Day,Schultz LLC,Born yeah little
U0089,B0183,4,Joshua Watson,Rodriguez Ltd,Camera example front music
U0178,B0182,1,Wesley Cobb,Briggs-Sullivan,Certainly ever need pattern
U0154,B0041,2,Rebecca Smith,Gonzalez-Schneider,Attention customer necessary past same
U0063,B0052,2,Austin Casey,"Graham, Jones and Ellison",Indeed sing
U0185,B0142,5,Gavin Moody,"Johnson, Campbell and Davis",Put international
U0067,B0157,1,Teresa Curtis,Fox-Ramirez,Organization before husband
U0246,B0135,4,Patricia Garcia,Garcia-Jenkins,Car while
U0038,B0033,3,Joanna Day,Schultz LLC,What big now class
U0239,B0175,5,John Ruiz,"Johnson, Campbell and Davis",News produce degree my market
U0094,B0197,2,Rebecca Smith,Stephens PLC,Letter amount size nearly break
U0064,B0133,2,Leslie Chavez,"Ramirez, Johnson and Martin",Through fire
U0166,B0182,2,Ellen Kline,Briggs-Sullivan,News produce degree my market
U0041,B0065,2,Brian Johnson,Giles Inc,Capital opportunity ok house
U0065,B0161,3,Wesley Cobb,Dodson-Shaw,Series employee effort
U0258,B0165,2,Laura Powell,Hopkins-Taylor,Among really president nor throughout
U0088,B0169,5,Joel Morris,Rodriguez Ltd,Music house product feel walk
U0289,B0011,1,Bonnie Huff,Garcia-Jenkins,Interesting take can
U0136,B0167,2,Wendy Smith,"Nunez, Mcdowell and Barnes",Car while
U0016,B0128,5,Catherine Figueroa,Briggs-Sullivan,As tonight
U0248,B0063,4,Gavin Moody,Dodson-Shaw,Before if rise particularly
U0031,B0041,4,April Franco,Schultz LLC,Attack wrong enough
U0105,B0088,5,James Butler,Rodriguez Ltd,Character require
U0177,B0103,2,Gregory Davis,Sullivan-Williams,Herself manage
U0288,B0028,3,Gavin Moody,"Martinez, Matthews and Snow",Physical participant Mrs education member
U0137,B0116,2,Denise Garza,Stephens PLC,Character require
U0149,B0099,5,Jacob Patrick,"Ramirez, Johnson and Martin",Trial great mouth teach
U0168,B0148,3,Marisa Barnes,"Ramirez, Johnson and Martin",Peace woman entire almost
U0256,B0132,4,Teresa Curtis,Carrillo-Lewis,Six within page matter
U0012,B0024,4,Gavin Moody,Gonzalez-Schneider,Them nature American
U0111,B0150,3,Shane Johnson,Briggs-Sullivan,True service cup agreement gun
U0254,B0153,4,Wesley Cobb,"Graham, Jones and Ellison",Item trial budget turn security
U0056,B0111,2,Maria Mcpherson,Washington Group,Own trade possible
U0207,B0094,1,Shane Johnson,Garcia-Jenkins,Admit more
U0288,B0050,3,Caleb Brown,Dodson-Shaw,Full parent foot
U0198,B0130,4,Brian Johnson,Giles Inc,Effort benefit glass
U0061,B0033,1,Gregory Davis,Rodriguez Ltd,Should rule
U0286,B0094,2,Joel Morris,Sullivan-Williams,Official form
U0206,B0129,1,Bonnie Huff,Hopkins-Taylor,Quite may material he
U0171,B0122,5,Emily Adams,Shelton-Stewart,Space anyone Republican
U0264,B0036,3,James Butler,"Ramirez, Johnson and Martin",Finish still far
U0202,B0158,3,Anna Baxter,Sullivan-Williams,Among really president nor throughout
U0261,B0137,4,Wendy Smith,Briggs-Sullivan,Task address give eat
U0244,B0005,3,Joshua Watson,"Martinez, Matthews and Snow",Key believe unit investment foot
U0214,B0150,3,Carol Le,"Graham, Jones and Ellison",Natural teach sign shake list
U0243,B0068,5,Lee Singh,Stephens PLC,Move during address
U0299,B0123,2,Melissa Burnett,Shelton-Stewart,Fact benefit goal decision time
U0195,B0038,2,Wendy Smith,"Martinez, Matthews and Snow",Along and lay
U0098,B0005,4,Patricia Garcia,Hopkins-Taylor,Bill interesting
U0212,B0177,2,Rebecca Smith,Shelton-Stewart,Else social yard range
U0242,B0189,1,John Ruiz,Sullivan-Williams,Couple campaign reduce glass
U0107,B0144,3,April Franco,Sullivan-Williams,Without property rate
U0193,B0081,2,Wesley Cobb,Rodriguez Ltd,Thank then least wrong
U0280,B0091,3,April Franco,Ellis LLC,Finish still far
U0127,B0072,5,Lee Singh,Briggs-Sullivan,Before if rise particularly
U0148,B0181,2,Jennifer Jackson,Carrillo-Lewis,Campaign east
U0163,B0123,3,Maria Mcpherson,Giles Inc,Example trade increase attention though
U0148,B0032,5,Wesley Cobb,Fox-Ramirez,Suddenly decision
U0203,B0089,2,Bonnie Huff,Briggs-Sullivan,As tonight
U0041,B0089,4,Seth Walters,Carrillo-Lewis,Half business
U0110,B0052,5,Brian Johnson,Giles Inc,Individual let keep indeed
U0071,B0028,5,Laura Powell,Gonzalez-Schneider,Listen stop very
U0125,B0013,5,Melissa Burnett,Gonzalez-Schneider,Early gun ask
U0027,B0026,4,Jennifer Jackson,Carrillo-Lewis,Key believe unit investment foot
U0052,B0175,2,Brian Johnson,"Ramirez, Johnson and Martin",Take quickly him option school
U0209,B0168,4,Catherine Figueroa,Ellis LLC,Prove teach just
U0148,B0083,3,Shane Johnson,Dodson-Shaw,Material face usually
U0294,B0060,5,Maria Mcpherson,Stephens PLC,Listen stop very
U0090,B0107,2,David Nichols,Carrillo-Lewis,Particularly friend
U0096,B0192,3,Erin Tucker,Briggs-Sullivan,Particularly friend
U0291,B0155,1,Caleb Brown,Schultz LLC,Power day
U0279,B0135,4,Rebecca Smith,Schultz LLC,Born yeah little
U0140,B0050,1,Leslie Chavez,Schultz LLC,Key believe unit investment foot
U0132,B0184,2,Ruben Moore,Rodriguez Ltd,Man imagine success happen former
U0152,B0146,2,Tiffany Tucker,Fox-Ramirez,Sometimes happen summer author
U0219,B0132,3,David Nichols,"Martinez, Matthews and Snow",Camera example front music
U0095,B0036,4,Jacob Patrick,"Graham, Jones and Ellison",Car decision lot
U0134,B0099,2,Marisa Barnes,Giles Inc,Opportunity expert provide
U0169,B0078,5,Wendy Smith,"Graham, Jones and Ellison",Natural teach sign shake list
U0134,B0168,3,Jacob Patrick,Stephens PLC,Of social democratic
U0061,B0120,3,David Nichols,Sullivan-Williams,Senior effect indicate seat
U0160,B0177,1,Caleb Brown,Washington Group,Off present
U0114,B0057,2,Emily Adams,Schultz LLC,Prove teach just
U0192,B0107,5,Marisa Barnes,"Johnson, Campbell and Davis",Several throughout hope
U0112,B0196,2,Marisa Barnes,Shelton-Stewart,Little common
U0042,B0135,4,Jennifer Jackson,Washington Group,Mouth effect
U0040,B0145,1,Brian Johnson,Sullivan-Williams,Director hit yet PM
U0104,B0147,5,Leslie Chavez,Rodriguez Ltd,Your relate relationship up
U0267,B0114,1,Heather Rose,Garcia-Jenkins,Little common
U0251,B0024,5,Shane Johnson,Schultz LLC,Opportunity expert provide
U0068,B0132,4,Wendy Smith,Stephens PLC,Space anyone Republican
U0287,B0119,3,Emily Aguilar DDS,Fox-Ramirez,Natural teach sign shake list
U0131,B0001,2,Joanna Day,Stephens PLC,Character worker maybe
U0217,B0089,1,Shane Johnson,Dodson-Shaw,Model far do better
U0242,B0009,3,Dana Washington,Hopkins-Taylor,Box budget draw community
U0216,B0096,4,Robert Campbell,Fox-Ramirez,Opportunity expert provide
U0042,B0175,5,Catherine Figueroa,Washington Group,Born yeah little
U0061,B0046,5,Ellen Kline,Hopkins-Taylor,Should rule
U0115,B0001,1,Gavin Moody,"Johnson, Campbell and Davis",Before if rise particularly
U0218,B0137,4,Jacob Patrick,Schultz LLC,Visit economic move
U0178,B0040,3,Maria Mcpherson,"Martinez, Matthews and Snow",Peace woman entire almost
U0017,B0170,4,Teresa Gaines,"Graham, Jones and Ellison",Series employee effort
U0124,B0053,1,Joel Morris,Stephens PLC,He right network budget affect
U0229,B0154,1,Ruben Moore,Stephens PLC,I certainly little
U0206,B0113,2,Heather Rose,Stephens PLC,Model far do better
U0072,B0129,3,Maria Mcpherson,Garcia-Jenkins,Thus whose
U0164,B0148,5,Joshua Watson,Rodriguez Ltd,Play commercial again
U0122,B0078,2,Ellen Kline,Gonzalez-Schneider,Without property rate
U0212,B0077,3,Brian Johnson,Garcia-Jenkins,Director hit yet PM
U0090,B0161,4,Austin Casey,Stephens PLC,Back area rock fact night
U0177,B0165,4,James Butler,"Nunez, Mcdowell and Barnes",Fact benefit goal decision time
U0210,B0039,3,Dana Washington,"Johnson, Campbell and Davis",If discuss town should
U0243,B0062,2,Jennifer Jackson,Hopkins-Taylor,Before if rise particularly
U0238,B0015,5,Patricia Garcia,"Johnson, Campbell and Davis",Else social yard range
U0272,B0035,4,Seth Walters,Ellis LLC,I certainly little
U0170,B0166,1,Gregory Davis,Dodson-Shaw,The response law face military
U0275,B0186,2,Marissa Stewart,Fox-Ramirez,Left house force thousand
U0021,B0019,2,Laura Powell,"Johnson, Campbell and Davis",Herself manage
U0112,B0123,2,Teresa Curtis,"Graham, Jones and Ellison",Power day
U0109,B0049,1,Marisa Barnes,Carrillo-Lewis,To tonight
U0125,B0179,5,Heather Rose,Fox-Ramirez,Couple campaign reduce glass
U0123,B0142,3,Caleb Brown,Fox-Ramirez,Not staff
U0239,B0137,3,Seth Walters,Washington Group,Defense democratic star if
U0263,B0128,4,Maria Mcpherson,Carrillo-Lewis,He right network budget affect
U0164,B0053,3,Patricia Garcia,Stephens PLC,Bill interesting
U0289,B0057,2,Seth Walters,"Johnson, Campbell and Davis",Drive pattern song model
U0300,B0149,4,Emily Adams,Ellis LLC,Bed station weight
U0169,B0059,4,Jacob Patrick,Carrillo-Lewis,Participant mother ready
U0282,B0168,3,Marisa Barnes,Carrillo-Lewis,Grow while gun likely
U0252,B0118,2,William Cohen Jr.,"Ramirez, Johnson and Martin",Commercial physical become
U0072,B0185,5,Dana Washington,"Johnson, Campbell and Davis",Dinner threat
U0031,B0135,1,Elizabeth Jenkins,Stephens PLC,South could to laugh grow
U0004,B0106,2,Lee Singh,Dodson-Shaw,Three guy race
U0078,B0003,2,Gavin Moody,Washington Group,Them nature American
U0031,B0159,5,Elizabeth Jenkins,Carrillo-Lewis,Worry here though this example
U0009,B0002,5,Patricia Garcia,"Graham, Jones and Ellison",Full parent foot
U0009,B0136,3,Caleb Brown,"Graham, Jones and Ellison",Usually hotel player explain
U0258,B0179,4,Denise Garza,"Martinez, Matthews and Snow",Drug happen shake run
U0269,B0039,2,Tiffany Tucker,Sullivan-Williams,View method stay
U0130,B0091,3,Rebecca Harrington,Washington Group,Card per issue story
U0208,B0118,5,Carol Le,Gonzalez-Schneider,I certainly little
U0154,B0176,1,Catherine Figueroa,Stephens PLC,Half business
U0048,B0104,4,Brian Johnson,Carrillo-Lewis,If discuss town should
U0029,B0164,1,Leslie Chavez,Dodson-Shaw,Word mother month live
U0256,B0112,3,Denise Garza,Sullivan-Williams,Understand evidence anything
U0022,B0059,2,Wendy Smith,Carrillo-Lewis,Of social democratic
U0139,B0012,1,Marissa Stewart,"Johnson, Campbell and Davis",Ever suggest
U0289,B0169,1,James Butler,"Graham, Jones and Ellison",Drug happen shake run
U0107,B0151,2,Jennifer Jackson,Fox-Ramirez,Chance throughout minute itself rate
U0040,B0077,2,Jacob Patrick,Garcia-Jenkins,Understand evidence anything
U0200,B0174,5,Robert Campbell,Hopkins-Taylor,Key believe unit investment foot
U0041,B0129,3,Denise Garza,"Nunez, Mcdowell and Barnes",Left house force thousand
U0119,B0020,3,Teresa Gaines,Shelton-Stewart,Better enter house none
U0204,B0199,3,Melissa Burnett,Giles Inc,Benefit as political
U0231,B0126,2,Brian Johnson,Fox-Ramirez,Generation authority young miss
U0222,B0048,5,Robert Campbell,Dodson-Shaw,Without property rate
U0152,B0064,1,Marissa Stewart,Hopkins-Taylor,At nation yes
U0195,B0183,2,Robert Campbell,Rodriguez Ltd,Listen stop very
U0185,B0028,1,Teresa Curtis,Schultz LLC,Take quickly him option school
U0185,B0195,3,John Ruiz,Dodson-Shaw,Word western policy
U0096,B0111,4,Brian Johnson,Sullivan-Williams,Back area rock fact night
U0209,B0027,1,William Cohen Jr.,"Johnson, Campbell and Davis",Camera example front music
U0048,B0153,5,Robert Campbell,"Graham, Jones and Ellison",Every baby structure green
U0150,B0106,4,Rebecca Harrington,"Johnson, Campbell and Davis",Far say stuff down anyone
U0125,B0147,5,Joshua Watson,Fox-Ramirez,Large lose fear
U0087,B0036,3,Marissa Stewart,Carrillo-Lewis,Through fire
U0075,B0017,2,Marissa Stewart,"Nunez, Mcdowell and Barnes",Cell give
U0154,B0124,1,Seth Walters,Gonzalez-Schneider,Attention customer necessary past same
U0254,B0153,5,Gavin Moody,"Martinez, Matthews and Snow",Official form
U0070,B0078,1,Anna Baxter,Shelton-Stewart,Card per issue story
U0195,B0085,4,Angela Moore,Shelton-Stewart,Power day
U0070,B0077,3,Carol Le,Ellis LLC,Better enter house none
U0246,B0081,2,James Butler,Briggs-Sullivan,Card per issue story
U0252,B0148,2,Robert Campbell,Giles Inc,Every baby structure green
U0202,B0094,1,Alyssa Davis,Garcia-Jenkins,Understand evidence anything
U0280,B0047,5,Maria Mcpherson,Schultz LLC,Leave sort across tree
U0108,B0113,3,Joanna Day,"Nunez, Mcdowell and Barnes",Of social democratic
U0256,B0036,3,Seth Walters,Hopkins-Taylor,Physical participant Mrs education member
U0217,B0097,1,Joel Morris,Carrillo-Lewis,Opportunity expert provide
U0299,B0103,5,Carol Le,"Nunez, Mcdowell and Barnes",Them nature American
U0279,B0010,3,Wesley Cobb,Shelton-Stewart,Word mother month live
U0044,B0028,2,Elizabeth Jenkins,Washington Group,Doctor much bag civil
U0086,B0166,5,Wendy Smith,Fox-Ramirez,Quite may material he
U0170,B0111,1,Denise Garza,Giles Inc,Guy end unit
U0114,B0131,5,Laura Powell,Garcia-Jenkins,Back area rock fact night
U0114,B0115,3,Gavin Moody,Garcia-Jenkins,Should rule
U0257,B0039,3,April Franco,"Martinez, Matthews and Snow",Leave sort across tree
U0152,B0107,1,Maria Mcpherson,Hopkins-Taylor,Couple special tend
U0179,B0080,3,Heather Rose,Sullivan-Williams,Space anyone Republican
U0248,B0090,4,Kimberly Vazquez,Schultz LLC,Serve it
U0164,B0018,3,Jennifer Jackson,"Martinez, Matthews and Snow",Quite may material he
U0012,B0088,1,Leslie Chavez,Gonzalez-Schneider,Suddenly decision
U0265,B0045,5,Anna Baxter,"Johnson, Campbell and Davis",Senior effect indicate seat
U0219,B0119,2,Melissa Burnett,"Ramirez, Johnson and Martin",Foreign wind Mr recent upon
U0096,B0164,4,Emily Aguilar DDS,Shelton-Stewart,Card per issue story
U0102,B0116,5,Robert Campbell,"Graham, Jones and Ellison",Catch month artist although business
U0110,B0053,3,Jennifer Jackson,Dodson-Shaw,Chance throughout minute itself rate
U0296,B0027,5,Gregory Davis,Rodriguez Ltd,Someone source
U0101,B0118,1,Elizabeth Jenkins,Carrillo-Lewis,Own trade possible
U0271,B0164,3,Robert Campbell,Shelton-Stewart,According election a group
U0201,B0151,1,William Cohen Jr.,Schultz LLC,Already skill become man
U0089,B0173,3,Laura Powell,Dodson-Shaw,Series employee effort
U0069,B0081,1,Teresa Curtis,"Martinez, Matthews and Snow",Physical participant Mrs education member
U0094,B0096,2,Robert Campbell,"Nunez, Mcdowell and Barnes",Matter always especially
U0071,B0148,4,Dana Washington,Carrillo-Lewis,Cost degree nice firm
U0276,B0178,2,Leslie Chavez,Carrillo-Lewis,Back area rock fact night
U0148,B0036,2,Kimberly Vazquez,Shelton-Stewart,Bill interesting
U0028,B0092,1,John Ruiz,Ellis LLC,Situation rock reveal
U0197,B0144,5,Austin Casey,"Nunez, Mcdowell and Barnes",Half business
U0252,B0107,4,Leslie Chavez,Dodson-Shaw,Dinner threat
U0290,B0008,2,Bonnie Huff,Giles Inc,As tonight
U0116,B0138,3,Teresa Gaines,Schultz LLC,Large lose fear
U0290,B0191,4,Rebecca Smith,"Martinez, Matthews and Snow",Certainly ever need pattern
U0294,B0030,3,Wesley Cobb,Washington Group,Not staff
U0278,B0194,1,Maria Mcpherson,Schultz LLC,Herself manage
U0280,B0056,4,Ruben Moore,Gonzalez-Schneider,Word western policy
U0153,B0009,4,William Cohen Jr.,Dodson-Shaw,Own trade possible
U0225,B0031,2,Ruben Moore,Garcia-Jenkins,Beyond door teach quite
U0180,B0182,5,Angela Moore,"Ramirez, Johnson and Martin",Three guy race
U0072,B0053,2,Wendy Smith,Washington Group,Director hit yet PM
U0273,B0072,5,Leslie Chavez,Rodriguez Ltd,Usually hotel player explain
U0150,B0075,5,Rebecca Smith,"Martinez, Matthews and Snow",Quite prevent recently sea
U0070,B0193,4,Marissa Stewart,Hopkins-Taylor,Director hit yet PM
U0068,B0064,2,James Butler,Gonzalez-Schneider,Ask human plant
U0202,B0126,2,Melissa Burnett,Giles Inc,Move during address
U0213,B0097,4,Melissa Burnett,Dodson-Shaw,South could to laugh grow
U0207,B0132,3,Gregory Davis,Schultz LLC,Of social democratic
U0250,B0084,5,Teresa Gaines,Dodson-Shaw,Thing blue popular couple
U0235,B0163,3,Wesley Cobb,Fox-Ramirez,Organization before husband
U0112,B0110,2,Marissa Stewart,Rodriguez Ltd,Price skill establish no
U0146,B0087,5,John Ruiz,Garcia-Jenkins,Move during address
U0249,B0088,1,Denise Garza,Schultz LLC,Quite may material he
U0009,B0032,2,Gavin Moody,"Graham, Jones and Ellison",Cover key
U0220,B0052,2,Teresa Curtis,"Ramirez, Johnson and Martin",Including work forget tree Democrat
U0141,B0024,3,Rebecca Harrington,Washington Group,Impact whose
U0085,B0014,4,Teresa Curtis,Gonzalez-Schneider,Least sell
U0220,B0168,1,Denise Garza,"Graham, Jones and Ellison",Couple campaign reduce glass
U0110,B0123,1,Laura Powell,Gonzalez-Schneider,Fear read trouble
U0266,B0175,4,Erin Tucker,Rodriguez Ltd,Guy end unit
U0062,B0109,2,Joanna Day,Gonzalez-Schneider,Prove teach just
U0197,B0023,1,James Butler,Washington Group,Word western policy
U0154,B0036,4,Marisa Barnes,Hopkins-Taylor,Not staff
U0074,B0018,5,Erin Tucker,Shelton-Stewart,Understand evidence anything
U0085,B0113,3,Heather Rose,Hopkins-Taylor,Music house product feel walk
U0211,B0158,4,Rebecca Harrington,"Martinez, Matthews and Snow",Test financial
U0072,B0193,1,Maria Mcpherson,Fox-Ramirez,Something sister air top
U0180,B0110,3,Jacob Patrick,Giles Inc,Week college turn foreign owner
U0044,B0064,5,Joel Morris,Shelton-Stewart,Establish agency wrong detail theory
U0146,B0200,1,Teresa Curtis,Ellis LLC,Doctor much bag civil
U0266,B0156,5,Ruben Moore,Fox-Ramirez,Peace woman entire almost
U0152,B0166,1,Austin Casey,Fox-Ramirez,Physical participant Mrs education member
U0058,B0062,4,Joel Morris,Dodson-Shaw,Off present
U0271,B0004,3,John Ruiz,Fox-Ramirez,Job couple technology scene American
U0292,B0108,3,Joshua Watson,"Ramirez, Johnson and Martin",Area maybe act
U0242,B0198,1,Laura Powell,Dodson-Shaw,Drive pattern song model
U0008,B0068,2,Shane Johnson,Fox-Ramirez,Man now bill drug recognize
U0260,B0074,5,Patricia Garcia,"Nunez, Mcdowell and Barnes",Car while
U0206,B0022,5,Tiffany Tucker,Hopkins-Taylor,Usually hotel player explain
U0143,B0022,3,Rebecca Smith,Ellis LLC,Interesting take can
U0080,B0138,3,Laura Powell,Dodson-Shaw,Should rule
U0159,B0179,4,Jacob Patrick,Stephens PLC,Scientist interesting
U0126,B0023,4,Gavin Moody,Shelton-Stewart,Couple special tend
U0029,B0080,2,Erin Tucker,Hopkins-Taylor,Position officer check
U0006,B0042,4,Ellen Kline,Sullivan-Williams,News produce degree my market
U0133,B0043,3,Ruben Moore,Giles Inc,Administration page which show
U0061,B0198,1,Angela Moore,Giles Inc,Power day
U0269,B0017,3,Wendy Smith,Dodson-Shaw,Ask human plant
U0255,B0117,5,Shane Johnson,Carrillo-Lewis,Attention customer necessary past same
U0291,B0043,3,Seth Walters,"Martinez, Matthews and Snow",Senior effect indicate seat
U0294,B0173,1,Ruben Moore,Sullivan-Williams,Visit economic move
U0002,B0012,1,Bonnie Huff,Carrillo-Lewis,I certainly little
U0187,B0099,2,Bonnie Huff,"Johnson, Campbell and Davis",Drug happen shake run
U0215,B0058,3,Patricia Garcia,Rodriguez Ltd,Scene move
U0139,B0020,5,Connor Evans,Sullivan-Williams,Whether hard near
U0027,B0046,2,Bonnie Huff,Fox-Ramirez,Form allow street how
U0036,B0120,3,Teresa Curtis,Rodriguez Ltd,Not staff
U0045,B0142,4,Gregory Davis,Ellis LLC,Guy end unit
U0150,B0145,3,Tiffany Tucker,Gonzalez-Schneider,Listen stop very
U0238,B0095,5,Teresa Gaines,Ellis LLC,Price skill establish no
U0280,B0195,2,Erin Tucker,"Nunez, Mcdowell and Barnes",Your relate relationship up
U0013,B0060,5,Melissa Burnett,"Graham, Jones and Ellison",News produce degree my market
U0172,B0001,4,Maria Mcpherson,Briggs-Sullivan,Major now current
U0054,B0053,5,Patricia Garcia,Carrillo-Lewis,Indeed sing
U0031,B0037,3,Bonnie Huff,Gonzalez-Schneider,Soldier rich different live describe
U0267,B0106,3,Ruben Moore,Dodson-Shaw,Thank then least wrong
U0298,B0025,5,Melissa Burnett,Fox-Ramirez,Born yeah little
U0039,B0152,5,Angela Moore,Hopkins-Taylor,Director hit yet PM
U0122,B0075,3,David Nichols,Rodriguez Ltd,Bill interesting
U0163,B0116,3,Joanna Day,Ellis LLC,Thus whose
U0070,B0200,5,Emily Adams,"Martinez, Matthews and Snow",Defense market strong
U0085,B0116,4,Patricia Garcia,"Martinez, Matthews and Snow",Bill interesting
U0275,B0092,2,Teresa Curtis,Schultz LLC,The response law face military
U0136,B0031,1,Joshua Watson,Briggs-Sullivan,Senior effect indicate seat
U0021,B0056,3,Rebecca Harrington,Gonzalez-Schneider,Main address fight threat
U0183,B0102,5,Joshua Watson,Briggs-Sullivan,True service cup agreement gun
U0134,B0045,1,Kimberly Vazquez,"Johnson, Campbell and Davis",Foreign wind Mr recent upon
U0282,B0064,1,Denise Garza,Hopkins-Taylor,Still sense may read
U0063,B0004,1,Lee Singh,Hopkins-Taylor,Far say stuff down anyone
U0102,B0103,3,Melissa Burnett,Dodson-Shaw,Ever suggest
U0299,B0151,3,Emily Aguilar DDS,Dodson-Shaw,South could to laugh grow
U0102,B0166,4,Rebecca Harrington,Rodriguez Ltd,Administration page which show
U0063,B0011,4,Leslie Chavez,Garcia-Jenkins,True service cup agreement gun
U0222,B0186,4,Emily Aguilar DDS,Fox-Ramirez,Six within page matter
U0219,B0045,3,Dana Washington,Giles Inc,True when then
U0144,B0115,2,Tiffany Tucker,Shelton-Stewart,Along and lay
U0126,B0166,3,Patricia Garcia,"Johnson, Campbell and Davis",Six within page matter
U0246,B0016,1,Robert Campbell,Hopkins-Taylor,Politics paper
U0215,B0052,5,Melissa Burnett,"Johnson, Campbell and Davis",Scene move
U0010,B0098,3,Wesley Cobb,Carrillo-Lewis,Prove teach just
U0177,B0145,5,Robert Campbell,Giles Inc,Car decision lot
U0093,B0007,3,Lee Singh,"Graham, Jones and Ellison",According election a group
U0144,B0015,4,William Cohen Jr.,Garcia-Jenkins,Mouth effect
U0120,B0041,1,Elizabeth Jenkins,Gonzalez-Schneider,Scene move
U0137,B0137,1,Lee Singh,Garcia-Jenkins,Effort benefit glass
U0199,B0091,2,Jacob Patrick,Garcia-Jenkins,Drug happen shake run
U0163,B0189,3,Emily Aguilar DDS,Washington Group,Among really president nor throughout
U0291,B0145,2,Alyssa Davis,Carrillo-Lewis,Understand evidence anything
U0278,B0080,2,Bonnie Huff,Dodson-Shaw,Dinner threat
U0029,B0060,5,Emily Aguilar DDS,Sullivan-Williams,Challenge it environment beautiful present
U0245,B0001,3,Alyssa Davis,Hopkins-Taylor,Series employee effort
U0175,B0184,2,Shane Johnson,"Graham, Jones and Ellison",Car decision lot
U0076,B0151,2,Connor Evans,Sullivan-Williams,Not staff
U0187,B0019,3,Elizabeth Jenkins,Fox-Ramirez,Couple campaign reduce glass
U0052,B0087,3,John Ruiz,"Ramirez, Johnson and Martin",Car decision lot
U0224,B0164,4,James Butler,"Ramirez, Johnson and Martin",Including work forget tree Democrat
U0288,B0178,5,Lee Singh,Garcia-Jenkins,Generation authority young miss
U0090,B0097,3,Carol Le,Briggs-Sullivan,Commercial physical become
U0066,B0046,1,Wendy Smith,Fox-Ramirez,Word mother month live
U0291,B0009,2,James Butler,Shelton-Stewart,Better enter house none
U0114,B0164,5,Austin Casey,Hopkins-Taylor,Word western policy
U0170,B0191,1,William Cohen Jr.,Rodriguez Ltd,Indeed sing
U0086,B0163,1,Elizabeth Jenkins,Rodriguez Ltd,Task address give eat
U0229,B0003,3,Jacob Patrick,Dodson-Shaw,Beyond door teach quite
U0180,B0066,1,Erin Tucker,Stephens PLC,Music house product feel walk
U0198,B0113,4,Patricia Garcia,Carrillo-Lewis,Rock discover
U0194,B0090,5,Denise Garza,Carrillo-Lewis,If discuss town should
U0296,B0167,2,Kimberly Vazquez,Dodson-Shaw,Guess job among will could
U0018,B0076,1,Seth Walters,"Martinez, Matthews and Snow",Job couple technology scene American
U0038,B0088,2,Leslie Chavez,Dodson-Shaw,If discuss town should
U0281,B0024,3,Tiffany Tucker,Carrillo-Lewis,According election a group
U0016,B0111,2,Angela Moore,"Ramirez, Johnson and Martin",Seven material third owner chair
U0028,B0026,3,Alyssa Davis,"Nunez, Mcdowell and Barnes",Community leave office clear
U0284,B0185,5,Elizabeth Jenkins,Briggs-Sullivan,Own trade possible
U0153,B0061,1,David Nichols,Garcia-Jenkins,True service cup agreement gun
U0282,B0126,2,Gregory Davis,"Graham, Jones and Ellison",Left house force thousand
U0219,B0023,3,Melissa Burnett,Shelton-Stewart,Without property rate
U0246,B0052,1,Heather Rose,"Ramirez, Johnson and Martin",Leave sort across tree
U0150,B0021,4,Teresa Curtis,Fox-Ramirez,Couple special tend
U0242,B0126,3,Catherine Figueroa,"Johnson, Campbell and Davis",Soldier rich different live describe
U0199,B0048,3,Gregory Davis,"Ramirez, Johnson and Martin",Artist feel perform full
U0229,B0012,3,Gavin Moody,Giles Inc,Cover key
U0116,B0069,5,Emily Adams,"Martinez, Matthews and Snow",Director hit yet PM
U0044,B0172,3,Patricia Garcia,Garcia-Jenkins,Model far do better
U0117,B0142,1,Ellen Kline,"Nunez, Mcdowell and Barnes",Ago still actually southern education
U0275,B0176,4,Jacob Patrick,Carrillo-Lewis,Poor glass cold page send
U0154,B0021,4,Bonnie Huff,Sullivan-Williams,Ask human plant
U0293,B0133,5,Tiffany Tucker,Hopkins-Taylor,Suddenly decision
U0062,B0194,4,Leslie Chavez,Ellis LLC,Sometimes happen summer author
U0099,B0033,1,Rebecca Harrington,"Nunez, Mcdowell and Barnes",Cost degree nice firm
U0104,B0161,2,Seth Walters,Rodriguez Ltd,According election a group
U0035,B0023,4,David Nichols,"Johnson, Campbell and Davis",Back area rock fact night
U0167,B0071,5,Erin Tucker,Shelton-Stewart,Thank then least wrong
U0268,B0108,1,Emily Adams,Hopkins-Taylor,Attack wrong enough
U0291,B0151,5,Denise Garza,"Martinez, Matthews and Snow",Herself manage
U0289,B0200,1,Wesley Cobb,Washington Group,Item trial budget turn security
U0211,B0068,4,Austin Casey,Garcia-Jenkins,Half business
U0243,B0010,2,David Nichols,Hopkins-Taylor,Relate citizen opportunity
U0206,B0010,4,Carol Le,Gonzalez-Schneider,Key believe unit investment foot
U0026,B0191,4,Gregory Davis,"Graham, Jones and Ellison",Quite prevent recently sea
U0173,B0078,3,Austin Casey,"Martinez, Matthews and Snow",Politics paper
U0117,B0035,3,Kimberly Vazquez,Rodriguez Ltd,Compare agree
U0138,B0187,4,Catherine Figueroa,Dodson-Shaw,Better enter house none
U0097,B0114,2,Ruben Moore,Carrillo-Lewis,Box budget draw community
U0265,B0096,1,Leslie Chavez,Dodson-Shaw,Age matter guy beautiful
U0160,B0182,5,John Ruiz,Sullivan-Williams,Foreign wind Mr recent upon
U0292,B0008,2,Alyssa Davis,Stephens PLC,View method stay
U0128,B0009,4,Gregory Davis,Ellis LLC,True service cup agreement gun
U0141,B0095,4,David Nichols,"Martinez, Matthews and Snow",Them nature American
U0016,B0062,3,Joel Morris,Schultz LLC,Dinner threat
U0091,B0122,5,William Cohen Jr.,Washington Group,Full parent foot
U0084,B0067,1,Emily Aguilar DDS,Fox-Ramirez,Four pull
U0026,B0042,5,Heather Rose,Gonzalez-Schneider,Far say stuff down anyone
U0116,B0174,2,Catherine Figueroa,"Nunez, Mcdowell and Barnes",Quite prevent recently sea
U0263,B0006,1,John Ruiz,"Ramirez, Johnson and Martin",Bar senior strategy fund tree
U0005,B0058,3,Teresa Curtis,Giles Inc,Seven material third owner chair
U0217,B0097,3,Seth Walters,Ellis LLC,Thank then least wrong
U0239,B0078,5,David Nichols,Garcia-Jenkins,Cold space account
U0053,B0002,5,Gregory Davis,"Johnson, Campbell and Davis",Without property rate
U0145,B0077,1,Joanna Day,Rodriguez Ltd,Worry here though this example
U0142,B0164,3,Seth Walters,Briggs-Sullivan,Relate citizen opportunity
U0097,B0039,5,Jacob Patrick,Stephens PLC,Effort benefit glass
U0207,B0170,3,John Ruiz,"Graham, Jones and Ellison",Little common
U0255,B0076,3,David Nichols,Fox-Ramirez,Trial great mouth teach
U0019,B0150,5,Anna Baxter,Gonzalez-Schneider,Peace woman entire almost
U0274,B0164,4,William Cohen Jr.,Sullivan-Williams,Budget citizen shoulder still music
U0154,B0044,5,Caleb Brown,"Martinez, Matthews and Snow",Reach animal
U0242,B0033,3,Brian Johnson,"Ramirez, Johnson and Martin",Natural teach sign shake list
U0172,B0168,1,William Cohen Jr.,Gonzalez-Schneider,Challenge it environment beautiful present
U0158,B0108,3,Seth Walters,Garcia-Jenkins,Whether hard near
U0151,B0119,1,Shane Johnson,Garcia-Jenkins,Several throughout hope
U0298,B0159,1,Alyssa Davis,Sullivan-Williams,Several throughout hope
U0062,B0175,4,Teresa Curtis,"Nunez, Mcdowell and Barnes",Mouth effect
U0028,B0039,2,Anna Baxter,"Nunez, Mcdowell and Barnes",Leader religious minute commercial
U0292,B0118,2,Jennifer Jackson,"Ramirez, Johnson and Martin",Bill interesting
U0042,B0125,3,Dana Washington,Rodriguez Ltd,Three guy race
U0030,B0002,4,Heather Rose,"Ramirez, Johnson and Martin",Relate citizen opportunity
U0296,B0196,2,Marisa Barnes,Dodson-Shaw,Dinner threat
U0067,B0158,4,Angela Moore,Fox-Ramirez,Capital opportunity ok house
U0220,B0123,4,Bonnie Huff,"Johnson, Campbell and Davis",Take quickly him option school
U0103,B0188,3,James Butler,Sullivan-Williams,Man imagine success happen former
U0098,B0005,1,Maria Mcpherson,Gonzalez-Schneider,Least sell
U0116,B0178,3,John Ruiz,"Martinez, Matthews and Snow",Front accept after
U0197,B0129,5,Leslie Chavez,Dodson-Shaw,Defense democratic star if
U0024,B0077,3,Maria Mcpherson,Sullivan-Williams,Space anyone Republican
U0269,B0087,4,John Ruiz,Rodriguez Ltd,Ever suggest
U0251,B0092,2,David Nichols,"Graham, Jones and Ellison",Rock discover
U0117,B0058,2,Maria Mcpherson,"Graham, Jones and Ellison",True when then
U0259,B0044,1,Jennifer Jackson,Stephens PLC,Card according reduce relate
U0193,B0164,3,Wesley Cobb,Shelton-Stewart,Play commercial again
U0025,B0153,1,Denise Garza,"Graham, Jones and Ellison",Without property rate
U0025,B0177,1,Kimberly Vazquez,Fox-Ramirez,Attack wrong enough
U0064,B0141,3,Carol Le,Hopkins-Taylor,Bar senior strategy fund tree
U0106,B0178,1,Patricia Garcia,"Martinez, Matthews and Snow",Through fire
U0267,B0070,5,Carol Le,Hopkins-Taylor,Seven material third owner chair
U0215,B0027,5,Tiffany Tucker,"Martinez, Matthews and Snow",Music house product feel walk
U0145,B0030,1,Alyssa Davis,Shelton-Stewart,Six within page matter
U0103,B0200,3,Alyssa Davis,Washington Group,Charge upon gas exactly
U0210,B0076,2,Brian Johnson,Carrillo-Lewis,Man now bill drug recognize
U0107,B0177,4,Jacob Patrick,"Graham, Jones and Ellison",Key believe unit investment foot
U0007,B0172,1,Wendy Smith,Carrillo-Lewis,Assume take have certainly
U0077,B0024,5,Maria Mcpherson,"Martinez, Matthews and Snow",South could to laugh grow
U0132,B0165,2,Caleb Brown,Giles Inc,Space anyone Republican
U0238,B0013,1,Bonnie Huff,Briggs-Sullivan,Sometimes happen summer author
U0185,B0174,3,Ruben Moore,"Martinez, Matthews and Snow",Catch month artist although business
U0049,B0195,1,John Ruiz,"Ramirez, Johnson and Martin",Guy end unit
U0169,B0092,4,Marissa Stewart,Dodson-Shaw,Cold space account
U0191,B0088,2,David Nichols,Fox-Ramirez,Couple special tend
U0234,B0070,4,April Franco,"Nunez, Mcdowell and Barnes",Campaign east
U0086,B0029,2,Maria Mcpherson,Stephens PLC,Down someone issue exist
U0082,B0027,4,April Franco,Garcia-Jenkins,Among really president nor throughout
U0225,B0047,5,Teresa Gaines,Washington Group,Artist feel perform full
U0015,B0176,2,Austin Casey,"Martinez, Matthews and Snow",Worry here though this example
U0211,B0113,1,Seth Walters,Rodriguez Ltd,Organization before husband
U0007,B0181,5,Ruben Moore,Garcia-Jenkins,Car while
U0290,B0058,3,Ellen Kline,Shelton-Stewart,Form allow street how
U0049,B0111,2,William Cohen Jr.,Fox-Ramirez,Worry here though this example
U0077,B0143,5,Erin Tucker,"Ramirez, Johnson and Martin",Left house force thousand
U0259,B0121,4,Joanna Day,Carrillo-Lewis,Rock discover
U0165,B0062,3,Shane Johnson,Sullivan-Williams,Politics paper
U0115,B0141,4,Jacob Patrick,Dodson-Shaw,Foreign wind Mr recent upon
U0236,B0114,5,Rebecca Harrington,Carrillo-Lewis,Opportunity expert provide
U0229,B0081,1,Ruben Moore,"Graham, Jones and Ellison",Six within page matter
U0053,B0104,4,Brian Johnson,"Johnson, Campbell and Davis",Particularly friend
U0001,B0024,5,Melissa Burnett,Briggs-Sullivan,That lot father rest
U0261,B0144,2,Elizabeth Jenkins,Schultz LLC,Half business
U0175,B0094,1,Gavin Moody,Rodriguez Ltd,Early gun ask
U0287,B0197,5,April Franco,Washington Group,Establish agency wrong detail theory
U0232,B0030,1,Elizabeth Jenkins,Gonzalez-Schneider,Herself manage
U0002,B0088,3,Caleb Brown,"Johnson, Campbell and Davis",Capital opportunity ok house
U0268,B0096,1,Leslie Chavez,Carrillo-Lewis,Quite may material he
U0072,B0184,4,Seth Walters,Shelton-Stewart,Defense market strong
U0101,B0049,1,Heather Rose,Schultz LLC,Should rule
U0098,B0184,3,Marisa Barnes,"Nunez, Mcdowell and Barnes",Defense market strong
U0024,B0163,5,Teresa Gaines,Schultz LLC,Decade even citizen
U0235,B0169,5,John Ruiz,Carrillo-Lewis,Them nature American
U0003,B0136,1,Angela Moore,Garcia-Jenkins,Full parent foot
U0248,B0131,2,Laura Powell,"Ramirez, Johnson and Martin",Of social democratic
U0066,B0027,4,Joel Morris,Shelton-Stewart,Doctor much bag civil
U0165,B0130,4,Joel Morris,Gonzalez-Schneider,Trial great mouth teach
U0141,B0102,3,Kimberly Vazquez,Hopkins-Taylor,Bed station weight
U0071,B0106,5,Ruben Moore,Sullivan-Williams,Word mother month live
U0154,B0180,5,Jennifer Jackson,"Johnson, Campbell and Davis",Bill interesting
U0112,B0052,2,Jennifer Jackson,Briggs-Sullivan,Cold space account
U0177,B0173,2,Catherine Figueroa,"Ramirez, Johnson and Martin",Task address give eat
U0258,B0139,3,Connor Evans,Washington Group,Task address give eat
U0288,B0123,5,Elizabeth Jenkins,"Nunez, Mcdowell and Barnes",Poor glass cold page send
U0274,B0074,4,Ellen Kline,"Martinez, Matthews and Snow",Man imagine success happen former
U0013,B0098,2,Elizabeth Jenkins,Stephens PLC,Left house force thousand
U0103,B0069,2,Joshua Watson,Giles Inc,Item trial budget turn security
U0075,B0016,3,Marisa Barnes,"Johnson, Campbell and Davis",Community leave office clear
U0017,B0092,4,Tiffany Tucker,"Johnson, Campbell and Davis",Word western policy
U0115,B0191,5,Jacob Patrick,Sullivan-Williams,Ago still actually southern education
U0148,B0178,1,Robert Campbell,"Nunez, Mcdowell and Barnes",Artist feel perform full
U0161,B0142,1,Ruben Moore,Giles Inc,Man imagine success happen former
U0104,B0159,4,Melissa Burnett,Washington Group,Early gun ask
U0280,B0190,5,Teresa Gaines,Ellis LLC,Official form
U0151,B0115,2,Joanna Day,"Ramirez, Johnson and Martin",Little common
U0089,B0189,5,Robert Campbell,Stephens PLC,Position officer check
U0220,B0072,5,John Ruiz,"Ramirez, Johnson and Martin",Own trade possible
U0300,B0066,1,Gavin Moody,Hopkins-Taylor,Key believe unit investment foot
U0021,B0040,3,Shane Johnson,Shelton-Stewart,According election a group
U0155,B0126,5,William Cohen Jr.,Dodson-Shaw,Certainly ever need pattern
U0163,B0135,2,Ellen Kline,Dodson-Shaw,Someone source
U0259,B0041,4,Wesley Cobb,Fox-Ramirez,Area maybe act
U0048,B0090,2,Elizabeth Jenkins,Rodriguez Ltd,True when then
U0170,B0093,3,Marisa Barnes,Shelton-Stewart,Test financial
U0272,B0122,5,Catherine Figueroa,"Graham, Jones and Ellison",Chance throughout minute itself rate
U0059,B0172,3,Jacob Patrick,Shelton-Stewart,Opportunity expert provide
U0125,B0011,3,Connor Evans,Fox-Ramirez,Artist feel perform full
U0132,B0139,3,Ellen Kline,Washington Group,Leave sort across tree
U0264,B0131,4,Bonnie Huff,Briggs-Sullivan,Situation rock reveal
U0099,B0083,5,Denise Garza,"Ramirez, Johnson and Martin",At nation yes
U0276,B0137,1,Joanna Day,Ellis LLC,Least sell
U0110,B0176,4,Heather Rose,"Johnson, Campbell and Davis",Word western policy
U0223,B0166,1,Joshua Watson,Hopkins-Taylor,To tonight
U0013,B0118,3,Rebecca Harrington,Dodson-Shaw,Particularly friend
U0028,B0046,3,Joanna Day,Garcia-Jenkins,Back area rock fact night
U0117,B0067,4,Kimberly Vazquez,Fox-Ramirez,Ago still actually southern education
U0222,B0081,1,Joshua Watson,"Martinez, Matthews and Snow",Ago still actually southern education
U0274,B0002,5,Marisa Barnes,Garcia-Jenkins,Organization before husband
U0024,B0180,1,Rebecca Smith,"Martinez, Matthews and Snow",Generation authority young miss
U0149,B0176,3,Rebecca Harrington,Briggs-Sullivan,Seven material third owner chair
U0225,B0098,4,Emily Aguilar DDS,Carrillo-Lewis,Without property rate
U0081,B0137,2,Ruben Moore,Fox-Ramirez,Born yeah little
U0280,B0076,2,Joshua Watson,Washington Group,Before if rise particularly
U0006,B0142,5,Connor Evans,Stephens PLC,Character require
U0003,B0147,5,Wesley Cobb,"Johnson, Campbell and Davis",Should rule
U0044,B0079,2,Ruben Moore,Washington Group,To tonight
U0109,B0106,5,Leslie Chavez,"Ramirez, Johnson and Martin",Character require
U0114,B0158,3,Connor Evans,"Ramirez, Johnson and Martin",View method stay
U0291,B0014,5,Catherine Figueroa,"Johnson, Campbell and Davis",Still sense may read
U0038,B0075,1,Denise Garza,Ellis LLC,Impact whose
U0298,B0125,3,John Ruiz,Gonzalez-Schneider,Generation authority young miss
U0052,B0073,5,Alyssa Davis,Rodriguez Ltd,Conference hope
U0249,B0116,3,Elizabeth Jenkins,Briggs-Sullivan,Series employee effort
U0300,B0040,5,Gregory Davis,Rodriguez Ltd,Participant mother ready
U0220,B0044,1,Jacob Patrick,Gonzalez-Schneider,Bill interesting
U0224,B0071,3,Joshua Watson,Rodriguez Ltd,Born yeah little
U0246,B0119,4,Teresa Gaines,Briggs-Sullivan,Generation authority young miss
U0250,B0142,1,Catherine Figueroa,Shelton-Stewart,Sometimes happen summer author
U0042,B0072,2,Alyssa Davis,Giles Inc,Usually hotel player explain
U0040,B0187,1,Rebecca Smith,"Graham, Jones and Ellison",Drive pattern song model
U0298,B0149,4,Laura Powell,Ellis LLC,Car while
U0019,B0142,3,Wesley Cobb,Carrillo-Lewis,Area maybe act
U0077,B0094,4,Teresa Gaines,Garcia-Jenkins,Early gun ask
U0149,B0035,4,Rebecca Smith,Dodson-Shaw,Would individual need
U0204,B0094,5,Elizabeth Jenkins,Gonzalez-Schneider,Guy end unit
U0085,B0194,5,Kimberly Vazquez,"Ramirez, Johnson and Martin",Week college turn foreign owner
U0092,B0145,5,Emily Adams,Carrillo-Lewis,Doctor much bag civil
U0184,B0011,2,Austin Casey,Gonzalez-Schneider,Herself manage
U0033,B0068,3,Bonnie Huff,Ellis LLC,Thus whose
U0266,B0093,4,Gavin Moody,Stephens PLC,Several throughout hope
U0021,B0167,3,Jennifer Jackson,Sullivan-Williams,Word western policy
U0141,B0190,3,Wesley Cobb,Garcia-Jenkins,Character worker maybe
U0090,B0097,4,Laura Powell,Dodson-Shaw,Card according reduce relate
U0265,B0065,4,Ellen Kline,Fox-Ramirez,Early gun ask
U0181,B0089,4,Joel Morris,"Graham, Jones and Ellison",Worry here though this example
U0257,B0036,4,Lee Singh,Dodson-Shaw,Rock discover
U0264,B0165,3,Emily Adams,"Ramirez, Johnson and Martin",True when then
U0081,B0093,5,Connor Evans,Gonzalez-Schneider,Save financial member challenge apply
U0213,B0085,1,Joshua Watson,Carrillo-Lewis,Worry here though this example
U0246,B0054,5,Catherine Figueroa,"Nunez, Mcdowell and Barnes",Guess job among will could
U0012,B0063,1,Wendy Smith,Garcia-Jenkins,Administration page which show
U0083,B0035,5,Wendy Smith,Hopkins-Taylor,Man now bill drug recognize
U0029,B0043,3,Ellen Kline,Fox-Ramirez,Reach animal
U0289,B0164,1,Maria Mcpherson,Briggs-Sullivan,Music house product feel walk
U0044,B0056,4,April Franco,Carrillo-Lewis,Seven material third owner chair
U0088,B0057,4,Emily Adams,Garcia-Jenkins,Establish agency wrong detail theory
U0094,B0160,5,Leslie Chavez,Rodriguez Ltd,Own trade possible
U0233,B0153,5,Lee Singh,Fox-Ramirez,Conference hope
U0198,B0034,1,Alyssa Davis,Sullivan-Williams,Drive pattern song model
U0259,B0176,4,Joel Morris,"Martinez, Matthews and Snow",Your relate relationship up
U0091,B0122,5,Bonnie Huff,"Johnson, Campbell and Davis",Establish agency wrong detail theory
U0258,B0193,1,April Franco,Hopkins-Taylor,Soldier rich different live describe
U0277,B0001,4,Patricia Garcia,Washington Group,Charge upon gas exactly
U0023,B0179,5,Lee Singh,Carrillo-Lewis,Catch month artist although business
U0196,B0090,5,Marisa Barnes,Garcia-Jenkins,Listen stop very
U0051,B0109,2,April Franco,Gonzalez-Schneider,Grow while gun likely
U0043,B0073,5,Patricia Garcia,Giles Inc,Area maybe act
U0097,B0002,1,Ellen Kline,"Martinez, Matthews and Snow",Move during address
U0267,B0002,4,Heather Rose,Rodriguez Ltd,Half business
U0210,B0093,1,Angela Moore,Garcia-Jenkins,May develop son sound million
U0130,B0067,5,Wendy Smith,Washington Group,Cost degree nice firm
U0142,B0175,4,Heather Rose,"Nunez, Mcdowell and Barnes",Page class down democratic
U0283,B0143,4,Gregory Davis,"Johnson, Campbell and Davis",Drug happen shake run
U0285,B0124,3,Wendy Smith,Washington Group,Defense democratic star if
U0204,B0189,2,Connor Evans,Gonzalez-Schneider,Doctor much bag civil
U0229,B0180,2,Heather Rose,Sullivan-Williams,He right network budget affect
U0206,B0087,5,Carol Le,Stephens PLC,Series employee effort
U0083,B0100,1,Emily Adams,Carrillo-Lewis,Soldier rich different live describe
U0223,B0023,1,Lee Singh,Washington Group,Own trade possible
U0041,B0156,1,Robert Campbell,Fox-Ramirez,Natural teach sign shake list
U0267,B0074,5,Teresa Gaines,"Ramirez, Johnson and Martin",Produce sport positive
U0254,B0113,1,Elizabeth Jenkins,Sullivan-Williams,Leader religious minute commercial
U0147,B0050,1,Rebecca Smith,Sullivan-Williams,Establish agency wrong detail theory
U0119,B0158,2,Bonnie Huff,Washington Group,Only market our difference hand
U0123,B0168,1,Rebecca Harrington,Giles Inc,Senior effect indicate seat
U0205,B0091,4,Laura Powell,Ellis LLC,Foreign wind Mr recent upon
U0266,B0004,1,Brian Johnson,Briggs-Sullivan,Soldier rich different live describe
U0287,B0150,3,Marissa Stewart,Gonzalez-Schneider,News produce degree my market
U0100,B0117,4,Erin Tucker,Giles Inc,Move during address
U0090,B0105,5,Brian Johnson,Dodson-Shaw,Defense market strong
U0258,B0076,3,Rebecca Smith,Giles Inc,Couple special tend
U0276,B0148,3,Kimberly Vazquez,Fox-Ramirez,Of social democratic
U0289,B0124,2,Anna Baxter,Schultz LLC,Page class down democratic
U0236,B0151,1,Connor Evans,Giles Inc,Worry here though this example
U0035,B0098,2,Carol Le,Gonzalez-Schneider,Suddenly decision
U0162,B0106,3,Wesley Cobb,"Graham, Jones and Ellison",Form allow street how
U0135,B0064,3,David Nichols,Rodriguez Ltd,Soldier rich different live describe
U0039,B0142,2,James Butler,Washington Group,Bar senior strategy fund tree
U0112,B0147,3,Ruben Moore,Ellis LLC,Reach animal
U0256,B0189,2,Ruben Moore,Gonzalez-Schneider,Indeed sing
U0136,B0053,2,Jacob Patrick,Shelton-Stewart,Leader religious minute commercial
U0183,B0040,1,Rebecca Harrington,Carrillo-Lewis,Position officer check
U0004,B0196,5,April Franco,Washington Group,Man now bill drug recognize
U0162,B0127,5,Austin Casey,"Ramirez, Johnson and Martin",Relate citizen opportunity
U0262,B0072,4,Marisa Barnes,Garcia-Jenkins,Challenge it environment beautiful present
U0066,B0014,5,April Franco,"Johnson, Campbell and Davis",Cost degree nice firm
U0017,B0129,3,Joshua Watson,"Ramirez, Johnson and Martin",Should rule
U0235,B0031,5,James Butler,"Graham, Jones and Ellison",Thank then least wrong
U0007,B0173,2,Laura Powell,"Martinez, Matthews and Snow",Artist feel perform full
U0167,B0093,5,Dana Washington,"Johnson, Campbell and Davis",Finally but science wind politics
U0135,B0061,3,Tiffany Tucker,Rodriguez Ltd,Several throughout hope
U0188,B0048,4,Heather Rose,"Nunez, Mcdowell and Barnes",Cost degree nice firm
U0191,B0094,4,Kimberly Vazquez,"Ramirez, Johnson and Martin",Politics paper
U0293,B0034,5,Lee Singh,"Martinez, Matthews and Snow",Ever suggest
U0139,B0061,5,Robert Campbell,Ellis LLC,Letter amount size nearly break
U0075,B0190,2,Erin Tucker,"Ramirez, Johnson and Martin",Bar senior strategy fund tree
U0216,B0128,2,Ellen Kline,"Johnson, Campbell and Davis",Three guy race
U0162,B0125,3,Brian Johnson,Garcia-Jenkins,Impact whose
U0025,B0102,1,Leslie Chavez,Stephens PLC,Campaign east
U0111,B0066,4,Denise Garza,Schultz LLC,Three guy race
U0172,B0067,3,Brian Johnson,"Johnson, Campbell and Davis",Attention customer necessary past same
U0132,B0089,1,Connor Evans,Washington Group,Else social yard range
U0102,B0148,5,Catherine Figueroa,"Johnson, Campbell and Davis",Including work forget tree Democrat
U0090,B0200,3,James Butler,Sullivan-Williams,Despite project
U0250,B0199,4,Robert Campbell,Shelton-Stewart,Interesting take can
U0147,B0119,2,Melissa Burnett,Rodriguez Ltd,Rock discover
U0216,B0162,5,David Nichols,Dodson-Shaw,Poor glass cold page send
U0041,B0042,3,James Butler,Rodriguez Ltd,Visit economic move
U0150,B0182,3,Catherine Figueroa,Fox-Ramirez,Better enter house none
U0139,B0114,3,Laura Powell,Sullivan-Williams,To tonight
U0231,B0106,2,Emily Aguilar DDS,Hopkins-Taylor,Someone source
U0121,B0170,3,Carol Le,Dodson-Shaw,Compare agree
U0108,B0043,4,Denise Garza,Dodson-Shaw,Word western policy
U0243,B0141,1,Teresa Gaines,Fox-Ramirez,Leave sort across tree
U0269,B0196,1,Seth Walters,Shelton-Stewart,Word western policy
U0080,B0022,4,Lee Singh,Gonzalez-Schneider,Front accept after
U0146,B0114,2,Ellen Kline,"Ramirez, Johnson and Martin",Fear read trouble
U0015,B0009,3,April Franco,Schultz LLC,Every baby structure green
U0277,B0070,5,John Ruiz,"Johnson, Campbell and Davis",Name sign day significant
U0091,B0152,5,Melissa Burnett,Garcia-Jenkins,Space anyone Republican
U0223,B0135,5,William Cohen Jr.,Carrillo-Lewis,Front accept after
U0277,B0059,1,Teresa Curtis,Washington Group,Name sign day significant
U0212,B0067,2,Erin Tucker,"Graham, Jones and Ellison",Through fire
U0268,B0195,2,Caleb Brown,Carrillo-Lewis,News produce degree my market
U0274,B0003,4,April Franco,Briggs-Sullivan,Page class down democratic
U0005,B0197,4,Joel Morris,Gonzalez-Schneider,As tonight
U0004,B0141,3,Patricia Garcia,"Johnson, Campbell and Davis",Peace woman entire almost
U0224,B0102,2,Jennifer Jackson,Fox-Ramirez,Guess job among will could
U0194,B0057,3,Angela Moore,Gonzalez-Schneider,Interesting take can
U0265,B0196,5,Joshua Watson,Giles Inc,Of social democratic
U0146,B0167,5,Patricia Garcia,Ellis LLC,Quite prevent recently sea
U0036,B0047,2,Connor Evans,Schultz LLC,As tonight
U0232,B0070,5,Alyssa Davis,Rodriguez Ltd,Dinner threat
U0010,B0039,1,Emily Aguilar DDS,"Ramirez, Johnson and Martin",Coach other
U0053,B0073,3,Jennifer Jackson,Schultz LLC,Administration page which show
U0005,B0060,1,Erin Tucker,Carrillo-Lewis,Your relate relationship up
U0112,B0088,4,Austin Casey,Washington Group,Front accept after
U0238,B0179,1,Rebecca Harrington,Hopkins-Taylor,Key believe unit investment foot
U0029,B0069,4,Wesley Cobb,Carrillo-Lewis,Raise candidate of
U0093,B0050,3,Erin Tucker,"Martinez, Matthews and Snow",Artist feel perform full
U0128,B0099,4,Ruben Moore,Stephens PLC,Scene move
U0102,B0118,1,Elizabeth Jenkins,Ellis LLC,Charge upon gas exactly
U0243,B0100,3,Leslie Chavez,Stephens PLC,Car decision lot
U0282,B0134,1,April Franco,Briggs-Sullivan,Impact whose
U0102,B0093,1,Heather Rose,"Martinez, Matthews and Snow",Trip sit
U0121,B0163,4,Erin Tucker,"Ramirez, Johnson and Martin",Every baby structure green
U0142,B0150,1,Jacob Patrick,"Graham, Jones and Ellison",Card per issue story
U0022,B0149,4,Joel Morris,Hopkins-Taylor,Campaign east
U0191,B0198,1,Leslie Chavez,Carrillo-Lewis,Scene move
U0047,B0176,5,Marisa Barnes,Stephens PLC,Sound sort build
U0031,B0092,2,Wesley Cobb,"Martinez, Matthews and Snow",Word mother month live
U0065,B0125,2,Brian Johnson,Washington Group,Job couple technology scene American
U0225,B0188,2,Carol Le,Fox-Ramirez,Find whole
U0184,B0186,2,Bonnie Huff,Carrillo-Lewis,Impact whose
U0225,B0144,3,Carol Le,Carrillo-Lewis,Model far do better
U0098,B0146,2,William Cohen Jr.,Rodriguez Ltd,Area maybe act
U0240,B0071,5,Leslie Chavez,Dodson-Shaw,Full parent foot
U0272,B0040,4,Seth Walters,"Johnson, Campbell and Davis",Bed station weight
U0188,B0117,1,Melissa Burnett,Sullivan-Williams,Not staff
U0195,B0188,2,Tiffany Tucker,Washington Group,Drive pattern song model
U0123,B0083,1,Wesley Cobb,Fox-Ramirez,Doctor much bag civil
U0098,B0135,4,Brian Johnson,Hopkins-Taylor,Car while
U0145,B0083,4,James Butler,"Martinez, Matthews and Snow",What big now class
U0050,B0134,1,John Ruiz,"Ramirez, Johnson and Martin",Quite may material he
U0017,B0052,1,Alyssa Davis,"Martinez, Matthews and Snow",Situation rock reveal
